date,medicine,region,units_sold,marketing_spend,revenue
2021-01-01,DrugA,North,662,20992,96652
2021-01-02,DrugA,South,892,17072,64224
2021-01-03,DrugA,West,336,15203,21168
2021-01-04,DrugB,West,186,3609,12648
2021-01-05,DrugA,South,245,32198,21560
2021-01-06,DrugC,West,762,29124,102870
2021-01-07,DrugB,East,711,39815,102384
2021-01-08,DrugB,West,803,19427,115632
2021-01-09,DrugC,North,858,40526,100386
2021-01-10,DrugA,West,807,47331,103296
2021-01-11,DrugB,West,499,45289,52894
2021-01-12,DrugA,East,375,46833,18000
2021-01-13,DrugA,North,124,44401,11284
2021-01-14,DrugB,South,150,40393,14850
2021-01-15,DrugA,East,289,43053,18496
2021-01-16,DrugB,East,874,48937,94392
2021-01-17,DrugC,South,129,47956,18447
2021-01-18,DrugC,West,418,32461,43054
2021-01-19,DrugA,East,786,30229,116328
2021-01-20,DrugB,South,837,48491,36828
2021-01-21,DrugA,North,608,4693,82688
2021-01-22,DrugC,West,898,3011,54778
2021-01-23,DrugB,West,377,17050,12064
2021-01-24,DrugB,West,304,17787,22496
2021-01-25,DrugA,East,542,27737,73170
2021-01-26,DrugC,West,512,8358,59904
2021-01-27,DrugB,North,666,9595,91908
2021-01-28,DrugA,East,190,42273,19760
2021-01-29,DrugA,South,938,31416,111622
2021-01-30,DrugA,South,536,36235,51456
2021-01-31,DrugB,East,679,33338,78764
2021-02-01,DrugA,South,229,37923,16946
2021-02-02,DrugC,South,315,10664,42840
2021-02-03,DrugA,West,253,17246,12650
2021-02-04,DrugC,West,596,11575,30992
2021-02-05,DrugA,East,775,42748,58900
2021-02-06,DrugB,West,847,9437,53361
2021-02-07,DrugB,North,904,8422,75032
2021-02-08,DrugB,North,988,46078,136344
2021-02-09,DrugC,North,558,39828,69192
2021-02-10,DrugA,North,462,14998,50820
2021-02-11,DrugB,South,103,39246,8343
2021-02-12,DrugB,North,312,13243,30264
2021-02-13,DrugB,West,131,31183,14017
2021-02-14,DrugA,South,761,45543,76100
2021-02-15,DrugA,North,694,36927,78422
2021-02-16,DrugA,South,310,49468,23870
2021-02-17,DrugC,West,766,46684,65876
2021-02-18,DrugB,East,836,19762,40964
2021-02-19,DrugB,East,631,38017,74458
2021-02-20,DrugC,North,664,35212,47808
2021-02-21,DrugB,South,168,28051,12936
2021-02-22,DrugC,West,267,10964,27768
2021-02-23,DrugC,East,97,9363,11640
2021-02-24,DrugA,East,165,29716,17160
2021-02-25,DrugA,West,132,5756,14256
2021-02-26,DrugA,North,999,5387,69930
2021-02-27,DrugC,East,654,41604,54936
2021-02-28,DrugC,South,736,23310,82432
2021-03-01,DrugB,West,132,20629,19008
2021-03-02,DrugA,South,897,12505,68172
2021-03-03,DrugA,West,111,2358,15984
2021-03-04,DrugC,South,737,10873,24321
2021-03-05,DrugB,East,984,9039,113160
2021-03-06,DrugC,West,421,27543,26944
2021-03-07,DrugC,West,290,3580,14500
2021-03-08,DrugB,West,165,16609,22935
2021-03-09,DrugA,South,772,11491,35512
2021-03-10,DrugC,East,770,40644,104720
2021-03-11,DrugC,West,797,11741,110783
2021-03-12,DrugA,South,383,29314,19916
2021-03-13,DrugA,East,348,4500,34104
2021-03-14,DrugC,East,77,21910,3619
2021-03-15,DrugC,East,146,45172,20878
2021-03-16,DrugA,West,746,20854,42522
2021-03-17,DrugC,West,722,19720,44042
2021-03-18,DrugB,South,68,34660,7412
2021-03-19,DrugB,North,967,25692,77360
2021-03-20,DrugC,East,104,3773,12480
2021-03-21,DrugA,West,54,44765,6372
2021-03-22,DrugC,North,676,24415,47320
2021-03-23,DrugA,East,82,7730,4018
2021-03-24,DrugA,East,192,48834,28608
2021-03-25,DrugA,North,896,17536,34944
2021-03-26,DrugC,West,787,42478,84996
2021-03-27,DrugB,East,633,7078,56337
2021-03-28,DrugC,West,831,25671,53184
2021-03-29,DrugC,South,61,38705,3660
2021-03-30,DrugA,South,449,33790,26491
2021-03-31,DrugB,South,322,14924,37352
2021-04-01,DrugC,North,54,13440,3942
2021-04-02,DrugC,West,486,17126,61722
2021-04-03,DrugA,East,820,42259,100040
2021-04-04,DrugC,North,738,36396,78228
2021-04-05,DrugA,North,638,8710,74008
2021-04-06,DrugC,South,72,3144,7560
2021-04-07,DrugC,North,251,43208,32379
2021-04-08,DrugB,West,52,31446,3380
2021-04-09,DrugC,South,451,41853,15785
2021-04-10,DrugC,West,120,36379,14640
2021-04-11,DrugC,North,916,30414,68700
2021-04-12,DrugA,East,233,42087,18407
2021-04-13,DrugB,East,268,13409,37520
2021-04-14,DrugC,West,204,23100,10608
2021-04-15,DrugA,North,316,4857,30336
2021-04-16,DrugA,South,660,27626,72600
2021-04-17,DrugB,East,773,14222,96625
2021-04-18,DrugB,North,804,7926,112560
2021-04-19,DrugB,South,710,17414,66740
2021-04-20,DrugA,South,628,14309,47728
2021-04-21,DrugB,West,82,22112,11890
2021-04-22,DrugB,South,926,46299,76858
2021-04-23,DrugC,West,184,37829,15272
2021-04-24,DrugC,West,513,9536,69768
2021-04-25,DrugA,East,158,43239,18170
2021-04-26,DrugB,West,578,40386,76874
2021-04-27,DrugB,North,192,46230,13056
2021-04-28,DrugC,South,292,34328,21608
2021-04-29,DrugB,East,771,16226,100230
2021-04-30,DrugA,South,682,40558,79112
2021-05-01,DrugB,West,216,1811,11016
2021-05-02,DrugB,South,272,13373,38080
2021-05-03,DrugC,West,83,22320,7138
2021-05-04,DrugA,North,106,28096,11872
2021-05-05,DrugB,East,915,23969,125355
2021-05-06,DrugC,East,499,30000,36427
2021-05-07,DrugB,North,352,24221,24288
2021-05-08,DrugA,West,587,49310,79245
2021-05-09,DrugA,South,333,19190,47952
2021-05-10,DrugA,East,538,33620,44654
2021-05-11,DrugC,West,488,41706,52216
2021-05-12,DrugA,East,147,15541,5145
2021-05-13,DrugA,North,291,6086,36957
2021-05-14,DrugA,North,110,19118,5170
2021-05-15,DrugC,South,251,24157,11044
2021-05-16,DrugB,West,457,45461,47528
2021-05-17,DrugA,South,249,23707,35856
2021-05-18,DrugA,East,637,33145,43953
2021-05-19,DrugA,South,924,9392,97020
2021-05-20,DrugA,East,853,47653,55445
2021-05-21,DrugC,North,236,17121,8968
2021-05-22,DrugC,West,156,16387,21684
2021-05-23,DrugB,North,304,12461,31920
2021-05-24,DrugB,West,841,18467,76531
2021-05-25,DrugA,West,51,23692,2499
2021-05-26,DrugA,East,354,12749,52746
2021-05-27,DrugC,East,610,37805,31720
2021-05-28,DrugA,East,436,42082,20056
2021-05-29,DrugB,South,656,23362,41328
2021-05-30,DrugB,East,536,35191,61104
2021-05-31,DrugB,West,397,31255,48434
2021-06-01,DrugB,North,541,5038,29214
2021-06-02,DrugB,South,60,36635,7140
2021-06-03,DrugB,West,730,25542,105850
2021-06-04,DrugB,North,237,2932,34839
2021-06-05,DrugC,North,243,26141,10935
2021-06-06,DrugB,East,316,17371,11692
2021-06-07,DrugC,West,88,8679,9856
2021-06-08,DrugA,North,537,5276,47256
2021-06-09,DrugC,West,384,47637,24960
2021-06-10,DrugA,East,449,27876,45798
2021-06-11,DrugC,East,459,15657,67473
2021-06-12,DrugA,South,154,23116,10164
2021-06-13,DrugA,West,775,46398,46500
2021-06-14,DrugA,West,108,2481,14904
2021-06-15,DrugA,East,183,10288,22509
2021-06-16,DrugC,North,162,49342,23814
2021-06-17,DrugB,South,313,5259,26292
2021-06-18,DrugC,West,728,21390,35672
2021-06-19,DrugB,North,830,19023,35690
2021-06-20,DrugB,West,903,45657,116487
2021-06-21,DrugC,West,74,41660,5994
2021-06-22,DrugA,North,581,4165,85988
2021-06-23,DrugB,West,70,31378,2310
2021-06-24,DrugB,North,783,32752,82215
2021-06-25,DrugC,East,441,37174,30870
2021-06-26,DrugA,North,634,25342,31700
2021-06-27,DrugC,East,239,25328,17925
2021-06-28,DrugC,South,349,47095,14309
2021-06-29,DrugB,West,376,40406,39104
2021-06-30,DrugB,North,385,47997,37730
2021-07-01,DrugB,East,462,39146,30030
2021-07-02,DrugB,South,848,45026,111936
2021-07-03,DrugA,East,831,24729,56508
2021-07-04,DrugB,West,755,12698,25670
2021-07-05,DrugB,East,922,6610,40568
2021-07-06,DrugC,North,452,4349,21244
2021-07-07,DrugC,South,538,2852,66174
2021-07-08,DrugA,South,978,31512,80196
2021-07-09,DrugC,South,455,38997,49595
2021-07-10,DrugC,North,198,46708,18216
2021-07-11,DrugB,North,631,21979,37229
2021-07-12,DrugB,South,630,39783,28980
2021-07-13,DrugA,East,568,35273,61912
2021-07-14,DrugA,North,288,22618,27072
2021-07-15,DrugA,South,131,10678,6288
2021-07-16,DrugC,South,824,23192,37904
2021-07-17,DrugC,West,92,6420,12880
2021-07-18,DrugA,South,958,11366,91010
2021-07-19,DrugC,East,412,35648,50264
2021-07-20,DrugC,West,382,45674,33616
2021-07-21,DrugC,South,301,19615,24682
2021-07-22,DrugB,North,760,41272,106400
2021-07-23,DrugC,East,824,17883,29664
2021-07-24,DrugC,North,110,35819,9790
2021-07-25,DrugB,South,831,44168,88086
2021-07-26,DrugC,North,400,5078,51200
2021-07-27,DrugB,North,276,39146,9660
2021-07-28,DrugA,North,558,12617,75330
2021-07-29,DrugA,East,660,24705,89760
2021-07-30,DrugA,South,475,48860,46550
2021-07-31,DrugB,North,441,11245,47628
2021-08-01,DrugA,West,761,19117,74578
2021-08-02,DrugA,East,760,24981,90440
2021-08-03,DrugB,South,824,29255,69216
2021-08-04,DrugB,South,482,14584,45308
2021-08-05,DrugB,West,418,12211,51832
2021-08-06,DrugB,South,946,33815,92708
2021-08-07,DrugC,South,525,40417,33075
2021-08-08,DrugA,North,635,12226,68580
2021-08-09,DrugB,West,499,23365,21457
2021-08-10,DrugC,West,428,30331,27392
2021-08-11,DrugC,South,553,15680,47005
2021-08-12,DrugC,South,518,19259,49728
2021-08-13,DrugA,East,50,42545,3200
2021-08-14,DrugA,East,751,10135,94626
2021-08-15,DrugA,South,655,43213,45195
2021-08-16,DrugC,West,247,45385,7657
2021-08-17,DrugC,North,614,4308,62014
2021-08-18,DrugA,West,647,25143,23292
2021-08-19,DrugC,North,472,13449,61360
2021-08-20,DrugB,South,96,24547,4416
2021-08-21,DrugC,North,469,19258,15946
2021-08-22,DrugA,East,263,27716,37609
2021-08-23,DrugC,East,702,28668,68094
2021-08-24,DrugC,East,773,47609,106674
2021-08-25,DrugB,South,716,2559,94512
2021-08-26,DrugC,East,929,21851,39018
2021-08-27,DrugC,West,190,22163,23940
2021-08-28,DrugA,North,641,21491,49998
2021-08-29,DrugA,North,436,40717,17004
2021-08-30,DrugC,North,954,5226,49608
2021-08-31,DrugC,North,435,6604,45240
2021-09-01,DrugC,East,861,48751,77490
2021-09-02,DrugB,West,383,23393,54769
2021-09-03,DrugA,West,111,47499,8436
2021-09-04,DrugA,West,493,7829,67541
2021-09-05,DrugA,East,938,32573,28140
2021-09-06,DrugB,East,669,35254,65562
2021-09-07,DrugB,West,420,49569,53340
2021-09-08,DrugB,East,334,42605,27722
2021-09-09,DrugC,East,340,13537,33320
2021-09-10,DrugC,East,560,22427,54320
2021-09-11,DrugB,South,605,5387,71390
2021-09-12,DrugC,North,905,27984,49775
2021-09-13,DrugB,South,377,30212,33176
2021-09-14,DrugC,East,372,23288,13020
2021-09-15,DrugB,West,363,40704,53361
2021-09-16,DrugC,East,953,12742,81005
2021-09-17,DrugB,West,397,33827,44861
2021-09-18,DrugC,North,794,4546,68284
2021-09-19,DrugC,East,596,22920,18476
2021-09-20,DrugB,North,900,44763,39600
2021-09-21,DrugC,West,546,49976,72618
2021-09-22,DrugC,North,864,19813,71712
2021-09-23,DrugA,South,158,40732,5688
2021-09-24,DrugC,North,376,38688,44744
2021-09-25,DrugB,East,795,7395,106530
2021-09-26,DrugB,East,399,44111,37506
2021-09-27,DrugC,South,279,31268,18135
2021-09-28,DrugB,South,337,16498,13143
2021-09-29,DrugC,West,949,9246,138554
2021-09-30,DrugA,West,533,38668,26117
2021-10-01,DrugA,West,968,23134,33880
2021-10-02,DrugA,East,741,13862,67431
2021-10-03,DrugC,East,499,38309,21457
2021-10-04,DrugB,South,125,36641,10125
2021-10-05,DrugC,West,721,25640,103824
2021-10-06,DrugA,South,793,11413,106262
2021-10-07,DrugA,South,260,6720,15600
2021-10-08,DrugA,South,398,19614,55720
2021-10-09,DrugA,North,178,18430,6942
2021-10-10,DrugC,West,589,49718,40641
2021-10-11,DrugC,West,892,39741,91876
2021-10-12,DrugC,South,855,44559,35055
2021-10-13,DrugC,West,258,37325,27090
2021-10-14,DrugC,South,197,8634,24034
2021-10-15,DrugC,South,451,16372,24805
2021-10-16,DrugC,West,608,6625,46208
2021-10-17,DrugA,West,886,19006,38984
2021-10-18,DrugA,West,756,37646,32508
2021-10-19,DrugA,West,970,17417,78570
2021-10-20,DrugC,East,616,36218,48048
2021-10-21,DrugB,West,963,6669,109782
2021-10-22,DrugB,West,195,26430,17550
2021-10-23,DrugA,West,152,24516,8968
2021-10-24,DrugC,East,69,33918,2553
2021-10-25,DrugC,West,606,17191,83022
2021-10-26,DrugB,South,65,33018,4160
2021-10-27,DrugB,West,831,41988,49860
2021-10-28,DrugA,East,827,3472,121569
2021-10-29,DrugB,South,474,31343,61620
2021-10-30,DrugC,South,955,37582,86905
2021-10-31,DrugA,South,250,9024,9250
2021-11-01,DrugC,East,406,9293,15428
2021-11-02,DrugC,East,155,29265,8370
2021-11-03,DrugB,North,476,42450,31892
2021-11-04,DrugB,East,184,24104,13432
2021-11-05,DrugB,North,364,3958,39676
2021-11-06,DrugC,East,490,37895,25480
2021-11-07,DrugC,West,293,18220,40434
2021-11-08,DrugC,West,991,38372,98109
2021-11-09,DrugB,South,934,45111,39228
2021-11-10,DrugC,North,946,44385,32164
2021-11-11,DrugA,North,802,6074,71378
2021-11-12,DrugB,West,142,43906,11502
2021-11-13,DrugC,West,728,11558,32760
2021-11-14,DrugB,West,574,9245,75768
2021-11-15,DrugB,East,694,48927,95078
2021-11-16,DrugB,South,954,32465,133560
2021-11-17,DrugA,North,155,14798,15965
2021-11-18,DrugC,North,728,3591,66976
2021-11-19,DrugC,South,293,21412,23440
2021-11-20,DrugA,East,653,39718,39180
2021-11-21,DrugB,East,829,4598,80413
2021-11-22,DrugB,South,377,1011,45240
2021-11-23,DrugA,South,93,43566,9486
2021-11-24,DrugB,South,816,2247,84048
2021-11-25,DrugB,East,72,21292,2880
2021-11-26,DrugC,South,666,38114,77922
2021-11-27,DrugB,South,405,37017,14580
2021-11-28,DrugC,West,96,6243,13248
2021-11-29,DrugA,North,985,27531,85695
2021-11-30,DrugA,South,628,25971,51496
2021-12-01,DrugC,North,509,37385,72787
2021-12-02,DrugB,West,930,1477,68820
2021-12-03,DrugC,North,669,38984,73590
2021-12-04,DrugC,South,62,41088,4278
2021-12-05,DrugB,North,749,28282,36701
2021-12-06,DrugC,West,485,20836,25220
2021-12-07,DrugA,North,234,37209,7020
2021-12-08,DrugC,North,898,14227,131108
2021-12-09,DrugA,East,600,24614,57000
2021-12-10,DrugA,South,430,34940,29670
2021-12-11,DrugC,North,209,19060,29887
2021-12-12,DrugA,East,640,47107,90240
2021-12-13,DrugC,East,527,19334,32147
2021-12-14,DrugC,West,152,42571,14896
2021-12-15,DrugB,West,233,43922,29358
2021-12-16,DrugB,South,816,21220,115872
2021-12-17,DrugB,South,271,37506,24119
2021-12-18,DrugC,North,508,23589,62992
2021-12-19,DrugC,East,495,2690,17820
2021-12-20,DrugC,North,654,27809,92868
2021-12-21,DrugB,North,608,45296,50464
2021-12-22,DrugC,South,174,34113,16008
2021-12-23,DrugB,South,831,15601,78114
2021-12-24,DrugC,East,267,46722,34176
2021-12-25,DrugB,South,658,33517,69090
2021-12-26,DrugC,South,587,5124,70440
2021-12-27,DrugC,North,378,48181,12474
2021-12-28,DrugC,West,931,30112,104272
2021-12-29,DrugC,North,52,35653,7020
2021-12-30,DrugC,West,561,13513,35904
2021-12-31,DrugB,North,653,41910,22202
2022-01-01,DrugB,West,313,2789,41316
2022-01-02,DrugC,East,991,13297,83244
2022-01-03,DrugA,South,857,27891,86557
2022-01-04,DrugC,North,57,10500,7638
2022-01-05,DrugA,North,882,44175,101430
2022-01-06,DrugA,East,498,28963,23904
2022-01-07,DrugB,North,470,46318,43710
2022-01-08,DrugA,West,362,5145,23892
2022-01-09,DrugA,East,727,35274,48709
2022-01-10,DrugA,West,635,30350,38735
2022-01-11,DrugB,East,796,2483,59700
2022-01-12,DrugA,West,258,5338,26058
2022-01-13,DrugA,North,230,10585,25990
2022-01-14,DrugA,South,352,27293,46112
2022-01-15,DrugA,North,604,40215,89996
2022-01-16,DrugC,West,645,34357,30960
2022-01-17,DrugC,North,511,39600,64897
2022-01-18,DrugB,West,500,9389,46000
2022-01-19,DrugC,East,254,48234,37592
2022-01-20,DrugC,North,615,15212,91635
2022-01-21,DrugA,West,530,16721,33390
2022-01-22,DrugC,North,703,47995,86469
2022-01-23,DrugA,West,79,43302,10270
2022-01-24,DrugC,West,765,5698,101745
2022-01-25,DrugC,North,459,8090,21573
2022-01-26,DrugA,North,571,17967,37115
2022-01-27,DrugC,North,435,13996,47415
2022-01-28,DrugA,North,723,32400,47718
2022-01-29,DrugB,North,354,24062,16284
2022-01-30,DrugA,North,449,44484,30981
2022-01-31,DrugC,North,465,14197,54405
2022-02-01,DrugC,North,565,11358,22600
2022-02-02,DrugB,North,294,27865,36456
2022-02-03,DrugB,East,939,7345,107985
2022-02-04,DrugB,West,379,46951,21224
2022-02-05,DrugA,South,294,20009,29988
2022-02-06,DrugC,East,114,27491,11172
2022-02-07,DrugA,North,587,5965,43438
2022-02-08,DrugC,South,119,1472,12733
2022-02-09,DrugC,East,604,28662,58588
2022-02-10,DrugA,East,273,16796,38493
2022-02-11,DrugC,South,714,19970,37842
2022-02-12,DrugB,East,672,16468,98784
2022-02-13,DrugC,South,505,40505,55550
2022-02-14,DrugC,South,586,21660,37504
2022-02-15,DrugB,West,65,49350,7475
2022-02-16,DrugA,West,417,7773,44202
2022-02-17,DrugC,South,832,3250,98176
2022-02-18,DrugB,South,525,36237,49875
2022-02-19,DrugA,West,334,20128,11356
2022-02-20,DrugB,West,380,9809,25080
2022-02-21,DrugC,East,279,49654,34317
2022-02-22,DrugB,North,216,26558,29592
2022-02-23,DrugA,East,513,25493,44631
2022-02-24,DrugA,East,309,16697,33681
2022-02-25,DrugB,North,644,34657,90804
2022-02-26,DrugC,East,360,35764,43200
2022-02-27,DrugA,South,469,47238,49245
2022-02-28,DrugC,West,743,17476,87674
2022-03-01,DrugC,South,280,43355,10360
2022-03-02,DrugB,East,217,45184,22134
2022-03-03,DrugC,East,442,23329,18122
2022-03-04,DrugC,South,701,30048,72203
2022-03-05,DrugB,North,450,5059,47250
2022-03-06,DrugC,East,124,15020,12648
2022-03-07,DrugC,South,202,36047,22018
2022-03-08,DrugB,North,865,42841,96880
2022-03-09,DrugA,North,404,24823,12524
2022-03-10,DrugA,South,612,14815,63036
2022-03-11,DrugB,North,587,14779,31111
2022-03-12,DrugA,North,78,20229,5694
2022-03-13,DrugA,North,988,42750,51376
2022-03-14,DrugA,East,734,4282,55050
2022-03-15,DrugB,South,209,5735,7524
2022-03-16,DrugA,West,806,27728,76570
2022-03-17,DrugB,North,609,43485,56637
2022-03-18,DrugA,South,473,36711,61963
2022-03-19,DrugA,East,235,47396,11045
2022-03-20,DrugB,West,234,13628,34866
2022-03-21,DrugC,North,462,14719,61446
2022-03-22,DrugA,West,591,35932,41370
2022-03-23,DrugA,West,829,16217,94506
2022-03-24,DrugA,North,619,15978,25998
2022-03-25,DrugC,North,933,3126,79305
2022-03-26,DrugB,East,951,8126,100806
2022-03-27,DrugC,North,355,19087,36920
2022-03-28,DrugA,North,622,45881,72774
2022-03-29,DrugB,North,153,27680,19125
2022-03-30,DrugA,West,917,47790,136633
2022-03-31,DrugC,East,904,21646,98536
2022-04-01,DrugA,South,888,10211,39960
2022-04-02,DrugB,East,407,4666,35409
2022-04-03,DrugA,South,250,11028,32000
2022-04-04,DrugA,West,590,20837,60770
2022-04-05,DrugB,North,893,49662,129485
2022-04-06,DrugC,North,181,40734,25159
2022-04-07,DrugC,West,488,30126,39528
2022-04-08,DrugC,East,889,40055,96901
2022-04-09,DrugB,South,269,15019,34432
2022-04-10,DrugA,South,265,34179,14575
2022-04-11,DrugA,West,503,1466,25653
2022-04-12,DrugC,North,538,5791,40350
2022-04-13,DrugA,West,718,3426,81134
2022-04-14,DrugB,South,619,6988,87898
2022-04-15,DrugA,West,441,9979,35721
2022-04-16,DrugC,East,328,7841,34440
2022-04-17,DrugC,West,487,4273,61849
2022-04-18,DrugC,West,980,48372,31360
2022-04-19,DrugC,East,385,41657,15400
2022-04-20,DrugA,North,242,38869,32670
2022-04-21,DrugA,West,783,27733,29754
2022-04-22,DrugB,North,91,37018,8463
2022-04-23,DrugB,West,635,32112,85725
2022-04-24,DrugA,North,197,6760,9850
2022-04-25,DrugA,South,443,13926,43857
2022-04-26,DrugA,West,261,34418,13833
2022-04-27,DrugB,West,961,35286,126852
2022-04-28,DrugA,West,50,2845,5650
2022-04-29,DrugA,West,887,23802,39915
2022-04-30,DrugB,East,568,4773,80656
2022-05-01,DrugA,West,205,10928,10250
2022-05-02,DrugA,North,562,19900,71936
2022-05-03,DrugC,West,853,40586,38385
2022-05-04,DrugC,North,64,28594,3136
2022-05-05,DrugC,North,893,3424,132164
2022-05-06,DrugC,West,150,19591,10650
2022-05-07,DrugB,East,738,11660,67158
2022-05-08,DrugC,South,154,33880,15862
2022-05-09,DrugB,North,526,32458,30508
2022-05-10,DrugB,North,948,10730,77736
2022-05-11,DrugC,South,58,37183,3074
2022-05-12,DrugA,North,172,35177,22360
2022-05-13,DrugB,North,575,16587,31625
2022-05-14,DrugC,North,271,18970,37669
2022-05-15,DrugC,East,452,48968,46556
2022-05-16,DrugA,North,752,30505,23312
2022-05-17,DrugC,North,612,22147,62424
2022-05-18,DrugB,West,668,46449,73480
2022-05-19,DrugB,North,605,4309,27830
2022-05-20,DrugA,East,247,5071,9880
2022-05-21,DrugB,North,480,9812,67200
2022-05-22,DrugB,South,903,3773,131838
2022-05-23,DrugC,South,738,8244,27306
2022-05-24,DrugA,South,710,25344,73130
2022-05-25,DrugB,South,359,36291,40208
2022-05-26,DrugB,North,760,4983,57000
2022-05-27,DrugA,North,837,6043,123876
2022-05-28,DrugB,South,445,12014,27145
2022-05-29,DrugB,South,918,23862,63342
2022-05-30,DrugA,West,660,7998,66660
2022-05-31,DrugA,South,781,21736,92158
2022-06-01,DrugA,East,787,37685,48007
2022-06-02,DrugC,North,469,7494,32830
2022-06-03,DrugC,South,332,26159,10292
2022-06-04,DrugA,East,520,5680,48360
2022-06-05,DrugA,South,634,36577,25360
2022-06-06,DrugB,West,173,4031,9515
2022-06-07,DrugC,East,727,21529,39258
2022-06-08,DrugB,South,765,15911,86445
2022-06-09,DrugB,West,892,3441,37464
2022-06-10,DrugC,North,745,10836,76735
2022-06-11,DrugC,North,601,30384,63105
2022-06-12,DrugC,North,415,4706,46065
2022-06-13,DrugC,North,992,18781,85312
2022-06-14,DrugA,South,505,36465,58075
2022-06-15,DrugB,South,206,38256,19776
2022-06-16,DrugA,West,546,17678,46410
2022-06-17,DrugB,South,151,29466,21744
2022-06-18,DrugC,North,138,2137,15732
2022-06-19,DrugA,North,61,33095,2684
2022-06-20,DrugB,West,364,22529,37856
2022-06-21,DrugB,East,490,10654,17640
2022-06-22,DrugB,West,365,26960,31755
2022-06-23,DrugC,South,605,4188,18755
2022-06-24,DrugC,West,605,13663,38115
2022-06-25,DrugB,South,853,15407,86153
2022-06-26,DrugB,North,127,18521,18669
2022-06-27,DrugC,East,613,38943,51492
2022-06-28,DrugA,West,334,35159,19038
2022-06-29,DrugB,South,938,32088,116312
2022-06-30,DrugC,South,337,14221,47854
2022-07-01,DrugB,West,957,46629,89001
2022-07-02,DrugB,North,543,36426,49956
2022-07-03,DrugC,South,502,47314,54718
2022-07-04,DrugB,South,964,43519,116644
2022-07-05,DrugB,East,629,42263,55352
2022-07-06,DrugA,South,527,7958,43741
2022-07-07,DrugB,South,908,23784,126212
2022-07-08,DrugB,North,285,9671,10260
2022-07-09,DrugC,West,533,35917,59163
2022-07-10,DrugB,North,106,47482,9752
2022-07-11,DrugA,West,968,9520,112288
2022-07-12,DrugB,East,832,15176,66560
2022-07-13,DrugA,South,923,36923,41535
2022-07-14,DrugC,West,98,48830,4998
2022-07-15,DrugB,North,152,32236,9272
2022-07-16,DrugA,East,852,26093,52824
2022-07-17,DrugB,East,510,43575,51510
2022-07-18,DrugB,South,488,33423,57096
2022-07-19,DrugA,South,119,10247,15708
2022-07-20,DrugA,West,423,39248,36801
2022-07-21,DrugC,West,130,36021,5850
2022-07-22,DrugC,West,178,23858,14596
2022-07-23,DrugC,South,988,34164,105716
2022-07-24,DrugA,West,420,26192,46200
2022-07-25,DrugA,North,332,19268,46480
2022-07-26,DrugA,South,567,45621,46494
2022-07-27,DrugC,West,576,3258,35136
2022-07-28,DrugA,East,462,25710,31416
2022-07-29,DrugB,North,963,44801,119412
2022-07-30,DrugC,West,463,32745,64357
2022-07-31,DrugC,East,985,37127,50235
2022-08-01,DrugB,West,553,7824,67466
2022-08-02,DrugB,West,171,28764,11970
2022-08-03,DrugB,North,414,9571,39330
2022-08-04,DrugA,West,456,3631,28728
2022-08-05,DrugC,North,105,42481,3675
2022-08-06,DrugC,West,336,35816,26208
2022-08-07,DrugB,South,795,41647,31800
2022-08-08,DrugC,South,774,20255,33282
2022-08-09,DrugB,West,437,8915,43700
2022-08-10,DrugA,South,658,15984,43428
2022-08-11,DrugC,South,138,26904,7176
2022-08-12,DrugB,South,992,33878,130944
2022-08-13,DrugB,North,920,21022,68080
2022-08-14,DrugA,West,871,31274,76648
2022-08-15,DrugB,South,695,18107,54210
2022-08-16,DrugA,West,130,5540,3900
2022-08-17,DrugB,West,841,25772,77372
2022-08-18,DrugC,East,399,28891,39900
2022-08-19,DrugA,South,878,46467,127310
2022-08-20,DrugB,East,116,37578,4640
2022-08-21,DrugC,North,175,35668,14700
2022-08-22,DrugA,East,857,31133,52277
2022-08-23,DrugA,East,498,11768,47808
2022-08-24,DrugB,West,549,32559,60390
2022-08-25,DrugB,West,445,13763,31150
2022-08-26,DrugA,West,674,28539,27634
2022-08-27,DrugC,South,282,21732,10434
2022-08-28,DrugC,East,595,38195,47005
2022-08-29,DrugC,North,544,39236,42976
2022-08-30,DrugC,East,998,13178,30938
2022-08-31,DrugC,East,957,18420,32538
2022-09-01,DrugB,North,369,48483,44280
2022-09-02,DrugA,East,312,10305,12168
2022-09-03,DrugB,East,685,31549,80145
2022-09-04,DrugC,North,776,13741,104760
2022-09-05,DrugA,South,272,45714,35088
2022-09-06,DrugB,West,976,4876,76128
2022-09-07,DrugB,West,280,4381,20720
2022-09-08,DrugA,East,721,48546,36771
2022-09-09,DrugB,East,138,38908,18216
2022-09-10,DrugC,West,384,16297,25344
2022-09-11,DrugC,South,845,13780,88725
2022-09-12,DrugB,West,544,14342,51680
2022-09-13,DrugB,South,982,38900,68740
2022-09-14,DrugC,West,666,23770,90576
2022-09-15,DrugB,West,566,26755,74146
2022-09-16,DrugA,North,863,19489,113916
2022-09-17,DrugC,West,658,21848,71722
2022-09-18,DrugC,North,212,46884,7420
2022-09-19,DrugC,South,872,41947,115104
2022-09-20,DrugB,North,959,21801,96859
2022-09-21,DrugA,East,760,17144,47880
2022-09-22,DrugC,West,495,17057,64845
2022-09-23,DrugB,South,85,21991,3910
2022-09-24,DrugC,East,792,37812,59400
2022-09-25,DrugA,East,847,44323,40656
2022-09-26,DrugB,South,117,4527,17316
2022-09-27,DrugC,North,141,34584,19599
2022-09-28,DrugC,North,747,5898,63495
2022-09-29,DrugC,North,513,28719,54891
2022-09-30,DrugC,East,518,32227,75628
2022-10-01,DrugB,West,680,32252,40800
2022-10-02,DrugC,West,789,29471,44973
2022-10-03,DrugC,West,721,48104,56238
2022-10-04,DrugA,South,108,36338,15444
2022-10-05,DrugC,West,853,19506,49474
2022-10-06,DrugA,West,670,1316,71020
2022-10-07,DrugB,East,682,29824,96844
2022-10-08,DrugA,West,666,38362,86580
2022-10-09,DrugC,East,867,5448,43350
2022-10-10,DrugA,North,714,33765,79968
2022-10-11,DrugB,West,805,32757,93380
2022-10-12,DrugC,West,557,21064,71853
2022-10-13,DrugC,West,629,33593,29563
2022-10-14,DrugC,West,932,36205,129548
2022-10-15,DrugA,South,229,3401,13282
2022-10-16,DrugC,West,940,9335,139120
2022-10-17,DrugC,East,458,48823,27022
2022-10-18,DrugC,East,531,30846,18585
2022-10-19,DrugB,East,84,18959,5544
2022-10-20,DrugC,North,787,36749,27545
2022-10-21,DrugC,North,630,1950,42210
2022-10-22,DrugC,South,869,39928,102542
2022-10-23,DrugB,East,148,10949,13468
2022-10-24,DrugC,West,942,36985,31086
2022-10-25,DrugA,South,368,14269,33120
2022-10-26,DrugA,South,798,2986,45486
2022-10-27,DrugB,South,346,16801,22836
2022-10-28,DrugB,South,147,18819,9996
2022-10-29,DrugA,East,990,11435,68310
2022-10-30,DrugB,South,430,49495,38270
2022-10-31,DrugC,East,622,4353,25502
2022-11-01,DrugC,South,161,47707,16422
2022-11-02,DrugA,East,941,2392,127035
2022-11-03,DrugA,South,189,49098,18522
2022-11-04,DrugC,South,489,33781,40587
2022-11-05,DrugA,West,574,31108,23534
2022-11-06,DrugC,East,594,15801,52272
2022-11-07,DrugB,East,995,25934,148255
2022-11-08,DrugB,North,488,24480,50752
2022-11-09,DrugC,East,741,3022,41496
2022-11-10,DrugB,South,658,11290,86198
2022-11-11,DrugA,South,487,16596,70615
2022-11-12,DrugB,West,190,33720,21280
2022-11-13,DrugA,East,641,47197,57690
2022-11-14,DrugC,North,300,14331,16200
2022-11-15,DrugB,South,996,38835,92628
2022-11-16,DrugC,South,286,40363,10582
2022-11-17,DrugC,West,951,28306,111267
2022-11-18,DrugA,East,325,42874,10075
2022-11-19,DrugC,East,253,41053,13156
2022-11-20,DrugB,East,732,2704,81252
2022-11-21,DrugC,South,585,38530,85995
2022-11-22,DrugA,East,637,39811,63063
2022-11-23,DrugA,East,978,32567,143766
2022-11-24,DrugB,West,83,21586,6806
2022-11-25,DrugB,East,244,39493,19764
2022-11-26,DrugC,South,207,18966,28566
2022-11-27,DrugA,North,658,35656,55272
2022-11-28,DrugB,East,474,26506,36498
2022-11-29,DrugC,East,102,13495,4182
2022-11-30,DrugA,West,915,34509,96990
2022-12-01,DrugC,West,890,7246,126380
2022-12-02,DrugA,North,543,20449,78192
2022-12-03,DrugA,North,412,13224,18540
2022-12-04,DrugA,South,864,11178,79488
2022-12-05,DrugA,East,196,35883,10584
2022-12-06,DrugC,North,797,35017,36662
2022-12-07,DrugC,West,498,45545,35856
2022-12-08,DrugB,West,283,42356,11603
2022-12-09,DrugA,North,746,10264,32078
2022-12-10,DrugA,West,373,33474,41403
2022-12-11,DrugC,East,887,22208,37254
2022-12-12,DrugC,North,352,27106,34848
2022-12-13,DrugB,North,312,34145,23712
2022-12-14,DrugC,East,540,24010,42660
2022-12-15,DrugA,West,84,39060,8232
2022-12-16,DrugC,East,148,6534,16872
2022-12-17,DrugB,North,900,41675,44100
2022-12-18,DrugC,East,185,45416,11655
2022-12-19,DrugB,West,797,15083,28692
2022-12-20,DrugB,North,436,2254,23544
2022-12-21,DrugC,East,750,39434,72750
2022-12-22,DrugA,West,918,32775,57834
2022-12-23,DrugC,South,738,19618,84870
2022-12-24,DrugA,West,280,36657,31640
2022-12-25,DrugB,West,256,34276,33792
2022-12-26,DrugC,West,923,25958,128297
2022-12-27,DrugC,North,684,9617,58140
2022-12-28,DrugC,East,224,47701,15680
2022-12-29,DrugC,East,912,37782,102144
2022-12-30,DrugC,West,366,2621,25254
2022-12-31,DrugB,North,987,30395,65142
2023-01-01,DrugB,North,246,39482,27306
2023-01-02,DrugA,South,341,13695,24211
2023-01-03,DrugA,North,508,48322,36576
2023-01-04,DrugA,South,210,22121,30030
2023-01-05,DrugC,West,569,10679,60314
2023-01-06,DrugC,East,751,35138,82610
2023-01-07,DrugA,East,607,41048,40669
2023-01-08,DrugA,South,486,25966,68526
2023-01-09,DrugC,West,827,31256,57890
2023-01-10,DrugC,South,913,8873,116864
2023-01-11,DrugB,South,878,37961,116774
2023-01-12,DrugB,West,50,27402,2650
2023-01-13,DrugB,East,206,8288,15244
2023-01-14,DrugA,South,190,44846,21280
2023-01-15,DrugB,North,220,20721,29260
2023-01-16,DrugA,North,962,43947,129870
2023-01-17,DrugC,West,389,34031,29564
2023-01-18,DrugB,West,616,27697,44352
2023-01-19,DrugB,South,941,14242,44227
2023-01-20,DrugA,East,283,19441,24621
2023-01-21,DrugB,North,367,31774,15414
2023-01-22,DrugB,South,749,35602,83139
2023-01-23,DrugC,North,349,34726,36994
2023-01-24,DrugA,South,917,28480,49518
2023-01-25,DrugA,North,71,8949,8875
2023-01-26,DrugB,North,548,26264,43840
2023-01-27,DrugB,North,701,38548,98841
2023-01-28,DrugC,East,555,2175,46065
2023-01-29,DrugA,South,474,40960,16590
2023-01-30,DrugA,South,298,11003,30396
2023-01-31,DrugC,West,267,12925,8811
2023-02-01,DrugB,South,643,22300,19290
2023-02-02,DrugA,West,811,14343,68935
2023-02-03,DrugA,East,126,1346,4032
2023-02-04,DrugA,East,446,7703,62886
2023-02-05,DrugA,East,346,39323,44980
2023-02-06,DrugB,North,242,42485,23474
2023-02-07,DrugA,East,73,48420,8833
2023-02-08,DrugC,East,209,3625,6688
2023-02-09,DrugB,North,993,12144,147957
2023-02-10,DrugC,West,827,17236,81046
2023-02-11,DrugA,East,925,44556,82325
2023-02-12,DrugA,East,415,40749,39840
2023-02-13,DrugA,South,704,19226,92928
2023-02-14,DrugA,South,900,29717,99000
2023-02-15,DrugA,East,455,41293,63245
2023-02-16,DrugB,North,622,20587,68420
2023-02-17,DrugC,East,346,42054,12456
2023-02-18,DrugC,West,520,10018,48880
2023-02-19,DrugA,North,801,4347,38448
2023-02-20,DrugB,East,72,34664,5976
2023-02-21,DrugA,South,573,7419,67614
2023-02-22,DrugB,East,903,24923,129129
2023-02-23,DrugC,South,784,49011,42336
2023-02-24,DrugB,South,977,6422,108447
2023-02-25,DrugB,South,175,5859,11200
2023-02-26,DrugC,North,64,38352,3520
2023-02-27,DrugA,East,191,22915,21965
2023-02-28,DrugA,East,400,42860,16400
2023-03-01,DrugC,East,63,34589,2898
2023-03-02,DrugA,East,292,23333,24236
2023-03-03,DrugC,East,655,22080,55020
2023-03-04,DrugC,East,465,44762,42780
2023-03-05,DrugB,North,841,15100,57188
2023-03-06,DrugB,West,276,43463,19596
2023-03-07,DrugC,West,375,5792,49500
2023-03-08,DrugC,South,712,19766,97544
2023-03-09,DrugC,North,946,3011,85140
2023-03-10,DrugC,East,587,9534,33459
2023-03-11,DrugC,East,713,14653,49910
2023-03-12,DrugA,West,269,42533,23403
2023-03-13,DrugB,North,912,41787,41040
2023-03-14,DrugA,South,919,48148,120389
2023-03-15,DrugC,North,194,19907,28518
2023-03-16,DrugB,North,795,21555,38160
2023-03-17,DrugC,North,429,34032,16302
2023-03-18,DrugB,South,919,28414,54221
2023-03-19,DrugB,North,593,19006,58707
2023-03-20,DrugA,North,234,15609,8892
2023-03-21,DrugC,South,199,35388,26069
2023-03-22,DrugC,East,103,41252,5974
2023-03-23,DrugA,South,527,21222,16337
2023-03-24,DrugB,East,503,9944,68911
2023-03-25,DrugB,North,927,41996,125145
2023-03-26,DrugB,East,925,12753,116550
2023-03-27,DrugA,West,320,42257,18880
2023-03-28,DrugA,North,999,12623,94905
2023-03-29,DrugC,East,275,4023,24750
2023-03-30,DrugC,West,711,4007,66123
2023-03-31,DrugC,South,132,43010,12408
2023-04-01,DrugB,East,811,18708,72990
2023-04-02,DrugC,North,689,31996,28249
2023-04-03,DrugB,West,706,37029,62128
2023-04-04,DrugB,East,307,37665,16885
2023-04-05,DrugC,North,805,30090,69230
2023-04-06,DrugB,East,338,2017,11492
2023-04-07,DrugA,East,226,28667,21018
2023-04-08,DrugA,East,217,2568,17577
2023-04-09,DrugA,West,887,28419,61203
2023-04-10,DrugC,West,848,13993,89040
2023-04-11,DrugB,West,981,25569,73575
2023-04-12,DrugB,South,395,43318,54510
2023-04-13,DrugC,North,899,36153,88102
2023-04-14,DrugB,East,334,10015,21042
2023-04-15,DrugB,South,470,27266,66270
2023-04-16,DrugC,South,388,4689,36860
2023-04-17,DrugC,West,907,42393,86165
2023-04-18,DrugB,North,964,19084,69408
2023-04-19,DrugB,South,133,25271,11172
2023-04-20,DrugB,South,418,47333,12958
2023-04-21,DrugB,South,739,41818,104199
2023-04-22,DrugA,North,174,15237,10092
2023-04-23,DrugA,East,729,44456,34263
2023-04-24,DrugA,West,765,12862,23715
2023-04-25,DrugA,North,158,30840,8058
2023-04-26,DrugB,South,888,2457,75480
2023-04-27,DrugC,South,109,37482,13952
2023-04-28,DrugC,East,380,42207,35340
2023-04-29,DrugC,South,823,16581,106167
2023-04-30,DrugC,South,693,43816,47124
2023-05-01,DrugC,North,75,5044,8250
2023-05-02,DrugC,East,124,27217,12648
2023-05-03,DrugC,North,592,28615,66896
2023-05-04,DrugB,East,904,34389,76840
2023-05-05,DrugC,West,483,33223,57477
2023-05-06,DrugB,South,402,34964,55878
2023-05-07,DrugC,North,876,20779,27156
2023-05-08,DrugA,East,131,18364,12183
2023-05-09,DrugA,North,896,17848,60928
2023-05-10,DrugB,South,858,11330,59202
2023-05-11,DrugA,South,53,6866,4240
2023-05-12,DrugC,North,995,7892,144275
2023-05-13,DrugB,West,580,27881,65540
2023-05-14,DrugB,South,264,34266,25080
2023-05-15,DrugC,West,152,25317,20976
2023-05-16,DrugB,South,554,5423,63156
2023-05-17,DrugA,East,304,32770,34352
2023-05-18,DrugB,North,525,15482,77175
2023-05-19,DrugC,East,967,24146,122809
2023-05-20,DrugC,South,206,8409,22042
2023-05-21,DrugC,South,388,35258,31816
2023-05-22,DrugB,West,920,25714,95680
2023-05-23,DrugB,West,539,1529,51744
2023-05-24,DrugB,North,613,33499,49040
2023-05-25,DrugB,South,317,38396,32968
2023-05-26,DrugC,East,132,12494,4224
2023-05-27,DrugA,North,410,30890,43460
2023-05-28,DrugC,East,902,6489,92906
2023-05-29,DrugB,West,427,2236,20923
2023-05-30,DrugA,West,490,37373,69090
2023-05-31,DrugC,West,352,36252,41184
2023-06-01,DrugB,North,635,22379,78105
2023-06-02,DrugA,East,782,8028,51612
2023-06-03,DrugC,North,128,20859,7808
2023-06-04,DrugB,South,349,39385,41880
2023-06-05,DrugC,North,856,13836,83032
2023-06-06,DrugA,South,682,14878,94798
2023-06-07,DrugB,East,302,49072,37750
2023-06-08,DrugB,West,868,5835,68572
2023-06-09,DrugA,West,505,2598,23230
2023-06-10,DrugC,North,444,33314,20424
2023-06-11,DrugC,East,964,40833,95436
2023-06-12,DrugA,South,119,40620,7378
2023-06-13,DrugA,South,114,16650,6498
2023-06-14,DrugA,South,708,36596,57348
2023-06-15,DrugC,East,254,7515,8128
2023-06-16,DrugB,South,95,5438,7980
2023-06-17,DrugC,West,476,38430,41412
2023-06-18,DrugC,West,495,30229,59895
2023-06-19,DrugC,West,570,3514,62130
2023-06-20,DrugB,South,814,11865,112332
2023-06-21,DrugC,South,804,20478,74772
2023-06-22,DrugA,North,100,47643,10100
2023-06-23,DrugB,South,689,10814,83369
2023-06-24,DrugC,North,193,45288,18721
2023-06-25,DrugC,East,206,22888,7416
2023-06-26,DrugA,East,722,37384,42598
2023-06-27,DrugB,South,501,29630,52605
2023-06-28,DrugB,East,765,22386,74205
2023-06-29,DrugB,East,565,20341,53675
2023-06-30,DrugB,South,136,2926,9248
2023-07-01,DrugB,North,278,10106,35028
2023-07-02,DrugA,North,231,12570,24717
2023-07-03,DrugA,North,974,16472,79868
2023-07-04,DrugA,North,653,20983,96644
2023-07-05,DrugC,South,846,46760,35532
2023-07-06,DrugB,South,970,16123,138710
2023-07-07,DrugA,South,646,39134,65892
2023-07-08,DrugA,North,698,36524,97022
2023-07-09,DrugA,East,960,27995,94080
2023-07-10,DrugA,North,530,4476,29680
2023-07-11,DrugA,East,240,28445,9120
2023-07-12,DrugA,East,911,39283,133917
2023-07-13,DrugB,South,723,21985,40488
2023-07-14,DrugC,East,195,34862,18330
2023-07-15,DrugC,West,968,23497,140360
2023-07-16,DrugB,East,903,34222,59598
2023-07-17,DrugB,West,945,3012,102060
2023-07-18,DrugA,East,929,37074,44592
2023-07-19,DrugB,North,788,38683,102440
2023-07-20,DrugC,South,621,3562,28566
2023-07-21,DrugC,West,660,24465,27060
2023-07-22,DrugB,South,587,29192,42264
2023-07-23,DrugC,South,308,6716,43120
2023-07-24,DrugC,North,527,48090,46903
2023-07-25,DrugC,West,273,9807,11739
2023-07-26,DrugC,South,705,47787,26085
2023-07-27,DrugC,East,960,3711,87360
2023-07-28,DrugB,East,414,39904,38088
2023-07-29,DrugA,West,59,40567,8083
2023-07-30,DrugB,East,717,38324,76002
2023-07-31,DrugC,South,984,1302,144648
2023-08-01,DrugA,East,413,6075,28497
2023-08-02,DrugB,East,462,1902,48510
2023-08-03,DrugC,East,344,21067,16168
2023-08-04,DrugB,South,198,17734,11484
2023-08-05,DrugA,South,594,47864,36828
2023-08-06,DrugC,East,670,44060,83080
2023-08-07,DrugB,East,783,42397,82998
2023-08-08,DrugB,East,654,4511,72594
2023-08-09,DrugA,West,677,48821,59576
2023-08-10,DrugA,North,594,34686,84942
2023-08-11,DrugA,South,980,19148,38220
2023-08-12,DrugB,South,112,17904,13552
2023-08-13,DrugB,East,846,47001,54144
2023-08-14,DrugA,West,644,31317,70196
2023-08-15,DrugB,South,217,44245,29295
2023-08-16,DrugA,North,809,15895,32360
2023-08-17,DrugB,West,748,3216,29172
2023-08-18,DrugB,West,948,45644,126084
2023-08-19,DrugB,West,145,4647,16530
2023-08-20,DrugA,East,450,14918,23850
2023-08-21,DrugC,West,338,30751,29068
2023-08-22,DrugC,East,766,4175,41364
2023-08-23,DrugB,North,295,27585,9145
2023-08-24,DrugB,North,495,13103,52470
2023-08-25,DrugB,North,996,49239,58764
2023-08-26,DrugB,West,288,27155,40608
2023-08-27,DrugA,West,785,39771,84780
2023-08-28,DrugA,South,427,6664,61061
2023-08-29,DrugB,South,584,4089,50224
2023-08-30,DrugA,East,88,41192,4664
2023-08-31,DrugB,West,84,14843,3864
2023-09-01,DrugA,West,831,17568,123819
2023-09-02,DrugB,North,768,4177,42240
2023-09-03,DrugA,East,562,12464,54514
2023-09-04,DrugC,South,863,42139,95793
2023-09-05,DrugA,West,669,41561,53520
2023-09-06,DrugB,North,554,39512,31578
2023-09-07,DrugA,North,527,15396,43741
2023-09-08,DrugB,North,732,8023,48312
2023-09-09,DrugC,North,74,3290,6512
2023-09-10,DrugA,North,525,49523,74025
2023-09-11,DrugB,East,632,18797,36656
2023-09-12,DrugC,West,671,38567,33550
2023-09-13,DrugC,East,324,29980,39204
2023-09-14,DrugB,West,566,19923,59996
2023-09-15,DrugC,North,374,9669,47872
2023-09-16,DrugB,South,513,19277,40527
2023-09-17,DrugB,South,836,41214,122892
2023-09-18,DrugA,South,950,49705,52250
2023-09-19,DrugC,West,724,20812,58644
2023-09-20,DrugC,East,448,15569,26880
2023-09-21,DrugA,North,54,7175,2268
2023-09-22,DrugA,East,736,13795,37536
2023-09-23,DrugA,East,834,42606,100080
2023-09-24,DrugA,South,496,23260,57536
2023-09-25,DrugB,West,729,2947,65610
2023-09-26,DrugB,North,392,45257,36456
2023-09-27,DrugA,South,420,28788,38220
